大类,页面,功能点,状态
测试环境与前提,全局,依赖数据准备:账本A(多人,含我/张三/李四均有头像),[]
测试环境与前提,全局,账本A在今天/本月/今年均有收入与支出交易,[]
测试环境与前提,全局,账本A各成员均有交易(排除后数值变化可见),[]
测试环境与前提,全局,账本B(单人,无第二成员),[]
弹窗组件 BaseModal,components/BaseModal.vue,点遮罩关闭:缩小+下沉+淡出,无突兀闪一下消失,[]
弹窗组件 BaseModal,components/BaseModal.vue,点关闭X按钮:动画顺滑且按钮旋转态保持到关闭完成,[]
弹窗组件 BaseModal,components/BaseModal.vue,点取消/确认:触发回调并平滑关闭,[]
弹窗组件 BaseModal,components/BaseModal.vue,关闭动画约280ms且animationend精确卸载(非定时截断),[]
弹窗组件 BaseModal,components/BaseModal.vue,连续开关≥5次每次都能正常弹出,[]
弹窗组件 BaseModal,components/BaseModal.vue,快速连点关闭3次仅触发一次关闭、无重复emit,[]
弹窗组件 BaseModal,components/BaseModal.vue,第2次及以后打开数据正确(无finished锁死透明死态),[]
弹窗组件 BaseModal,components/BaseModal.vue,兜底420ms定时器仍能卸载、不残留节点,[]
弹窗组件 BaseModal,components/BaseModal.vue,closeOnOverlay=false时点遮罩不关闭,[]
预算概览悬浮面板,ledger-detail.vue,卡片为毛玻璃悬浮面板(白边+outline+多层阴影),[]
预算概览悬浮面板,ledger-detail.vue,整卡rotate(-3deg)左倾+上下浮动(4.5s无限循环),[]
预算概览悬浮面板,ledger-detail.vue,宽度较窄(左右边距约140rpx),[]
预算概览悬浮面板,ledger-detail.vue,上边缘与hero重叠约22rpx、下边缘与分类卡重叠约18rpx,[]
预算概览悬浮面板,ledger-detail.vue,超支(≥100%)时outline/阴影转红色,[]
预算概览悬浮面板,ledger-detail.vue,剩余=当期预算-当期已花,随周期切换而变,[]
预算概览悬浮面板,ledger-detail.vue,已花/预算数值与所选周期一致,[]
预算概览悬浮面板,ledger-detail.vue,进度条宽度=min(百分比,100%),超支满格转红,[]
预算概览悬浮面板,ledger-detail.vue,预算折算正确:年=月×12、日=月÷30,[]
预算概览悬浮面板,ledger-detail.vue,预算为0:剩余=-已花、百分比0%、不崩溃,[]
预算概览悬浮面板,ledger-detail.vue,当期无交易:已花0、剩余全额、进度条0%,[]
预算概览悬浮面板,ledger-detail.vue,超支严重(如300%):满格+红色+数值正确,[]
顶部Hero三栏,ledger-detail.vue,账本余额始终=全量(收入-支出),切日/月/年不变,[]
顶部Hero三栏,ledger-detail.vue,账本余额=ledger.balance与后端一致,[]
顶部Hero三栏,ledger-detail.vue,标签带前缀:日/月/年收入支出,随周期切换,[]
顶部Hero三栏,ledger-detail.vue,支出/收入数值=所选周期汇总(非全量累计),[]
顶部Hero三栏,ledger-detail.vue,切日仅当天、切月当月、切年当年计入,[]
顶部Hero三栏,ledger-detail.vue,收入绿色、支出红色(核对配色),[]
顶部Hero三栏,ledger-detail.vue,当期无收入:显示¥0.00不为空/NaN,[]
顶部Hero三栏,ledger-detail.vue,当期无支出:同理,[]
分类统计图表,ledger-detail.vue,标题=日/月/年分类统计,随周期切换,[]
分类统计图表,ledger-detail.vue,分类聚合来自periodTxs,与hero/预算卡同源,[]
分类统计图表,ledger-detail.vue,点分类→明细按该分类筛选,再点取消,[]
分类统计图表,ledger-detail.vue,各分类占比/金额与当期交易一致,[]
分类统计图表,ledger-detail.vue,当期无交易:显示空态提示不崩溃,[]
分类统计图表,ledger-detail.vue,仅一笔交易:正常渲染单分类,[]
分类统计图表,ledger-detail.vue,点其他(无category_id)不触发筛选,[]
成员筛选(全局排除),ledger-detail.vue,默认所有成员亮色、正常显示,[]
成员筛选(全局排除),ledger-detail.vue,默认无排除N人chip、各汇总含全部成员,[]
成员筛选(全局排除),ledger-detail.vue,点成员→头像变灰(grayscale+透明度降低),[]
成员筛选(全局排除),ledger-detail.vue,点后hero/预算卡/图表/明细全部剔除该成员,[]
成员筛选(全局排除),ledger-detail.vue,明细卡出现排除1人✕chip,[]
成员筛选(全局排除),ledger-detail.vue,再点同一头像恢复计入、chip消失,[]
成员筛选(全局排除),ledger-detail.vue,排除2人→chip显示排除2人,全部汇总剔除,[]
成员筛选(全局排除),ledger-detail.vue,点chip✕一键清空所有排除,[]
成员筛选(全局排除),ledger-detail.vue,单人账本(≤1成员):明细卡头像行不显示,[]
成员筛选(全局排除),ledger-detail.vue,选月+排除张三→切年后排除保留、当年仍剔除,[]
成员筛选(全局排除),ledger-detail.vue,排除全部成员→各汇总0/空态不崩溃,[]
成员筛选(全局排除),ledger-detail.vue,排除无交易成员不影响其他成员,[]
日历周期切换,ledger-detail.vue,切日:日视图、selectedKey=今天、periodWord=日,[]
日历周期切换,ledger-detail.vue,切月:月视图、selectedKey=本月,[]
日历周期切换,ledger-detail.vue,切年:年视图、selectedKey=今年,[]
日历周期切换,ledger-detail.vue,切换后hero/预算/图表/明细即时刷新,[]
日历周期切换,ledger-detail.vue,日视图选某天→数据变该天,[]
日历周期切换,ledger-detail.vue,月视图选某月→数据变当月,[]
日历周期切换,ledger-detail.vue,年视图选某年→数据变当年,[]
日历周期切换,ledger-detail.vue,选无数据日期→空态不报错,[]
日历周期切换,ledger-detail.vue,跨年/跨月边界日数据归属正确,[]
日历周期切换,ledger-detail.vue,切换维度时categoryFilter自动清空,[]
明细列表,ledger-detail.vue,标题明细(n)计数=当前过滤后条数,[]
明细列表,ledger-detail.vue,每条显示图标/名称/日期时间/备注/金额(红绿+/-),[]
明细列表,ledger-detail.vue,金额格式化正确(fmt千分位/小数),[]
明细列表,ledger-detail.vue,按时间排序(默认desc),[]
明细列表,ledger-detail.vue,按金额排序,[]
明细列表,ledger-detail.vue,点↓/↑切换升/降序箭头同步,[]
明细列表,ledger-detail.vue,仅分类筛选:列表仅该分类,[]
明细列表,ledger-detail.vue,仅成员排除:列表剔除该成员,[]
明细列表,ledger-detail.vue,分类+成员排除同时生效,[]
明细列表,ledger-detail.vue,周期切换后明细同步,[]
明细列表,ledger-detail.vue,当期无记录:显示该时段暂无记录,[]
明细列表,ledger-detail.vue,长列表滚动正常无错位,[]
明细列表,ledger-detail.vue,删除重复删除账本按钮后无残留入口,[]
回归/全局,ledger-detail.vue,冷启动进入无报错无白屏,[]
回归/全局,ledger-detail.vue,切后台再回前台数据正常,[]
回归/全局,ledger-detail.vue,真机(支付宝)与模拟器一致,[]
回归/全局,ledger-detail.vue,无console报错/无未定义变量(ledgerExpense改用summary),[]
回归/全局,ledger-detail.vue,预算卡与上下卡片重叠观感正常无遮挡,[]
