大类,页面/模块,功能点,状态
测试环境与前提,全局,依赖数据准备:账号A/B、账本C(多人)/D(单人)、跨期交易、样本数据,[]
全局壳与导航,components/tabbar,底部胶囊导航项:首页/账本/记一笔凸出/挑战/心愿且中间上浮高亮,[]
全局壳与导航,components/tabbar,切换tab正常跳转、无独立FAB冲突,[]
全局壳与导航,components/tabbar,安全区适配(刘海/底部)不被遮挡,[]
全局壳与导航,components/tabbar,顶栏头像→我的(profile),[]
全局壳与导航,components/BaseModal,遮罩关闭:缩小+下沉+淡出顺滑无残影(animationend卸载),[]
全局壳与导航,components/BaseModal,关闭X按钮旋转态保持到关闭完成,[]
全局壳与导航,components/BaseModal,连续开关≥5次不卡死(无finished锁死),[]
全局壳与导航,components/BaseModal,快速连点关闭仅触发一次无重复emit,[]
全局壳与导航,components/BaseModal,兜底定时器卸载不残留节点,[]
全局壳与导航,components/BaseModal,closeOnOverlay=false时遮罩不关闭,[]
全局壳与导航,components/PrivacyPopup,首次进入弹隐私政策,勾选前不可登录,[]
全局壳与导航,components/PrivacyPopup,协议详情可打开返回,[]
全局壳与导航,components/PrivacyPopup,拒绝后再次进入仍提示不强制放行,[]
账号体系,stores/user.js+login,微信/支付宝一键登录:openid写入users,[]
账号体系,stores/user.js,游客模式:仅本地storage功能一致,[]
账号体系,stores/user.js,登录后顶部头像显示昵称/头像,[]
账号体系,stores/user.js,云端空→本地上传成功,[]
账号体系,stores/user.js,本地空→拉取云端成功,[]
账号体系,stores/user.js,双方有→弹窗选云端/本地/合并(时间戳去重),[]
账号体系,stores/user.js,合并后清除游客标识,[]
账号体系,profile,手动备份快照,云端保留30天,[]
账号体系,profile,用户协议/隐私政策可阅读,[]
账号体系,profile,账号注销+个人数据删除,删除后清空,[]
账号体系,profile,全局免责声明:虚拟记账/投资/热量显著标注,[]
分类记账,pages/category-mgr,预置支出/收入分类与分组正确,[]
分类记账,pages/category-mgr,自定义分类上限20超出提示,[]
分类记账,pages/category-mgr,预置可隐藏不可删,删除合并至目标,[]
分类记账,pages/category-mgr,分类emoji/图标可改,[]
分类记账,pages/add-record,类型切换默认支出,收入支出正负正确,[]
分类记账,pages/add-record,数字键盘+实时大写,[]
分类记账,pages/add-record,分类网格左右滑动分组正常,[]
分类记账,pages/add-record,账本选择器:总账本/子账本双归属,[]
分类记账,pages/add-record,时间/备注/图片上传(带图无图),[]
分类记账,pages/add-record,保存返回刷新,金额写入正确,[]
分类记账,pages/add-record,编辑回显,保存联动限额/挑战/资产,[]
分类记账,pages/add-record,删除交易回滚联动(限额/挑战/虚拟资金/资产),[]
分类记账,pages/add-record,收入不计入日限额计入账本统计,[]
分类记账,pages/add-record,退款冲减原分类恢复当日可用,[]
分类记账,pages/ledger,总账本不可删改(入口禁用),[]
分类记账,pages/ledger,自定义账本≤5,新建/编辑/删除(转移或彻底删),[]
分类记账,pages/ledger,每条必归总账本+子账本双归属,[]
分类记账,pages/ledger,删除账本转移/彻底删选项生效数据不丢,[]
分类记账,pages/ledger,账本列表显示名称/封面/余额,[]
分类记账,pages/ledger,新建账本:名称/图标/封面/颜色/预算,[]
分类记账,pages/ledger,封面图选择+裁剪(自定义比例),[]
分类记账,pages/ledger,自定义主色取色器(SV/Hue)生效,[]
分类记账,pages/ledger,文本自动提取主题色(autoExtract),[]
账本详情,ledger-detail.vue,毛玻璃悬浮面板rotate(-3deg)左倾+上下浮动,[]
账本详情,ledger-detail.vue,宽度窄(边距≈140rpx)且与上下卡片重叠,[]
账本详情,ledger-detail.vue,剩余=当期预算-已花随周期变,[]
账本详情,ledger-detail.vue,预算折算:年=月×12、日=月÷30,[]
账本详情,ledger-detail.vue,超支转红、进度条满格,[]
账本详情,ledger-detail.vue,边界:预算0/无交易/超支300%,[]
账本详情,ledger-detail.vue,账本余额=总余额不随周期变,[]
账本详情,ledger-detail.vue,日/月/年收入支出前缀+周期汇总值,[]
账本详情,ledger-detail.vue,边界:当期无收入/无支出显示¥0.00,[]
账本详情,ledger-detail.vue,图表标题日/月/年分类统计,[]
账本详情,ledger-detail.vue,聚合源自periodTxs,点分类→明细筛选,[]
账本详情,ledger-detail.vue,边界:无交易空态/单笔/点其他不筛选,[]
账本详情,ledger-detail.vue,默认全亮色计入,无排除chip,[]
账本详情,ledger-detail.vue,点成员变灰,hero/预算/图表/明细全部剔除,[]
账本详情,ledger-detail.vue,排除多人chip、一键清空,[]
账本详情,ledger-detail.vue,单人账本头像行不显示,[]
账本详情,ledger-detail.vue,与周期组合:切周期后排除保留,[]
账本详情,ledger-detail.vue,日/月/年切换、日历选具体日期,[]
账本详情,ledger-detail.vue,边界:跨年跨月/无数据日期/切换清空分类筛选,[]
账本详情,ledger-detail.vue,明细计数/排序时间金额升降/组合筛选,[]
账本详情,ledger-detail.vue,删除重复删除账本按钮后无残留,[]
限额引擎,pages/limit-setting,整数≥1校验,设置0提示无效,[]
限额引擎,pages/limit-setting,修改次日生效提示明日生效,[]
限额引擎,pages/limit-setting,月预算参考展示(月预算/当月天数),[]
限额引擎,pages/index,当日可用=日基准+累计结余池-当日已消费,[]
限额引擎,pages/index,消费抵扣顺序先基准后结余,[]
限额引擎,pages/index,当日结余=max(0,日基准-基准内已消费),超额为0,[]
限额引擎,sparejar-daily-cron,日切按本地时区24:00结算,[]
限额引擎,sparejar-daily-cron,打开App跨日补偿结算,[]
限额引擎,sparejar-daily-cron,补录按自然日归属,[]
限额引擎,sparejar-daily-cron,跨日编辑删除重算并提示影响后续,[]
限额引擎,pages/index,超额红色语义色+提醒触发,[]
限额引擎,pages/index,超额不写入正向结余,[]
限额引擎,pages/index,余钱罐玻璃罐+钱币随结余变化,[]
限额引擎,pages/index,今日限额卡/心愿迷你卡/结余横幅数值正确,[]
攒钱体系,pages/surplus-alloc,当日结余分配至结余池/储蓄池,[]
攒钱体系,pages/surplus-alloc,分配后虚拟资金状态机联动,[]
攒钱体系,stores/user.js,储蓄池手动存入/取出,余额累计正确,[]
攒钱体系,stores/user.js,边界:取出超余额提示,[]
攒钱体系,pages/wish,新建心愿(名称/目标/截止日),[]
攒钱体系,pages/wish,手动/结余池/储蓄池存入,[]
攒钱体系,pages/wish,进度条随存入更新,达成态切换,[]
攒钱体系,pages/wish,心愿归档/取出到结余池,[]
攒钱体系,pages/wish,删除心愿数据清理,[]
攒钱体系,pages/surplus-history,分配/存入/取出流水正确,按时间排序,[]
挑战体系,pages/challenge,新建挑战(类型/周期键/目标/关联账本),[]
挑战体系,pages/challenge,目标金额校验,关联账本选择,[]
挑战体系,pages/challenge,进度按周期交易计算,与账本同步,[]
挑战体系,pages/challenge,达成/未达成状态正确,[]
挑战体系,stores/user.js,连续挑战天数显示(首页streak),[]
挑战体系,stores/user.js,成就解锁条件触发(loadAchievements),[]
Onboarding,pages/onboarding,引导分步(限额/首笔/心愿),[]
Onboarding,pages/onboarding,保存限额/首笔交易/心愿写入,[]
Onboarding,pages/onboarding,跳过全部后不再强制,[]
Onboarding,pages/onboarding,完成标记onboarding完成,[]
Onboarding,stores/user.js,请求订阅授权(requestSubscriptions),[]
Onboarding,stores/user.js,授权状态记录(recordSubscribeAuth),[]
Onboarding,stores/user.js,超额/挑战提醒订阅可发送,[]
贴纸体系,pages/sticker-lib,贴纸列表已解锁/未解锁,[]
贴纸体系,pages/sticker-lib,交易关联stickers字段,[]
贴纸体系,pages/sticker-lib,解锁条件触发(成就/挑战钩子),[]
贴纸体系,pages/sticker-lib,贴纸展示在对应交易/卡片,[]
OCR,pages/ocr,拍照/选图上传调用recognizeReceiptAction,[]
OCR,pages/ocr,识别结果回填金额/商户/分类到记账页,[]
OCR,stores/ocrPrefill,ocrPrefill预填状态正确,[]
OCR,pages/ocr,识别失败/无网络降级提示,手工录入可用,[]
资产体系,pages/asset-mgr,新建资产账户(名称/类型/初始余额),[]
资产体系,pages/asset-mgr,编辑/删除账户,[]
资产体系,stores/user.js,调整余额(adjustAccountBalance),[]
资产体系,stores/user.js,账户间转账双方余额正确,[]
资产体系,stores/user.js,新建/更新投资持仓(成本/市值),[]
资产体系,stores/user.js,持仓市值刷新盈亏计算,[]
资产体系,pages/asset-detail,资产明细流水正确,[]
资产体系,pages/asset-detail,总资产汇总正确,[]
餐次热量,pages/meal-detail,添加餐次(早/午/晚/加餐)关联交易,[]
餐次热量,pages/meal-detail,热量累计(餐次内食物汇总),[]
餐次热量,pages/meal-detail,免责声明热量仅参考,[]
餐次热量,pages/health-settings,设置每日热量目标/个人信息,[]
餐次热量,pages/health-settings,热量进度展示超标提示,[]
皮肤体系,profile,皮肤列表已解锁/未解锁(成就挑战钩子),[]
皮肤体系,profile,切换皮肤生效到余钱罐主视觉,[]
皮肤体系,profile,星座/生肖字段设置并显示,[]
设置通知,pages/notify-setting,超额提醒开关,[]
设置通知,pages/notify-setting,挑战/心愿提醒开关,[]
设置通知,stores/user.js,设置持久化(loadSettings),[]
设置通知,profile,头像/昵称显示与编辑,[]
设置通知,profile,账本/数据/注销/皮肤/贴纸/成就入口,[]
云函数回归,sparejar-daily-cron,日切结算按预期执行,[]
云函数回归,sparejar-migrate-time,时间字段迁移可跑不丢数据,[]
云函数回归,sparejar-finance,交易写入带user_id索引,权限auth.uid==doc.user_id,[]
云函数回归,sparejar-finance,软删除deleted_at不影响统计,[]
云函数回归,sparejar-finance,跨云函数action路由正确,[]
云函数回归,全局,云函数超时/报错前端兜底提示,[]
云函数回归,全局,并发记账不重复写入,[]
云函数回归,全局,大批量(>1000条)列表渲染不卡,[]
全局回归,全局,冷启动无报错白屏,[]
全局回归,全局,切后台回前台数据正常,[]
全局回归,全局,真机(支付宝)与模拟器一致,[]
全局回归,全局,无console报错/无未定义变量,[]
全局回归,全局,导航闭环无死链,[]
全局回归,全局,多账本/多人/游客三种身份核心流程通过,[]
